id,group_pref,member_count,group_order_1,group_order_2,group_order_3,group_order_4,group_order_5,group_order_6,result
cfcde366-fd21-4638-9400-40433d264602,"6,1,3,5,7,4",2,6,1,3,5,7,4,7
ec3766c1-b3ee-4873-9048-b7f7fa17ceba,"6,1,3,5,7,4",2,6,1,3,5,7,4,6
738b973c-4cbf-4125-b50e-bcc98f89f77a,"6,1,3,7,4,5",2,6,1,3,7,4,5,6
a394c8ef-98d7-49b5-beb3-652b08cd6482,"4,3,6,7,1,5",1,4,3,6,7,1,5,4
3620b751-1dcc-4305-8871-b897947ba300,"3,4,7,1,6,5",1,3,4,7,1,6,5,3
5602bd74-811a-4e99-9708-179254d9f090,"3,6,7,1,4,5",2,3,6,7,1,4,5,3
d8f47c49-b610-45ce-9425-ea51c623d061,"7,4,6,3,1,5",3,7,4,6,3,1,5,7
3b8eb084-1796-4a84-a9d7-fa58c39f0bff,"3,1,4,6,5,7",3,3,1,4,6,5,7,3
ff3810e2-000d-4253-8d1e-3ad7dfc805e7,"3,6,7,1,4,5",3,3,6,7,1,4,5,3
6038bd6d-f083-400b-b63a-5feae34edbd3,"7,1,5,3,4,6",1,7,1,5,3,4,6,7
53a26a95-c195-423e-82f0-c20b272156f0,"6,3,4,1,5,7",1,6,3,4,1,5,7,6
f9d30c30-90c7-429c-9e78-b50ac1bfad65,"4,3,6,7,5,1",1,4,3,6,7,5,1,5
d6381cb3-8a50-4916-a9fe-6d03c31c11c4,"6,7,1,3,4,5",2,6,7,1,3,4,5,1
fac70148-230a-4908-9e59-bb3cbac99479,"4,6,7,5,3,1",2,4,6,7,5,3,1,4
025c18bc-9e5c-48d8-b988-55d02fc240df,"6,5,7,3,4,1",1,6,5,7,3,4,1,5
147d35dc-f695-425d-bf8e-a61b3903d14b,"6,5,3,1,7,4",1,6,5,3,1,7,4,6
e8ddcc83-38e7-4243-850b-97372cd0d31a,"4,3,1,6,5,7",1,4,3,1,6,5,7,4
b32e3009-f7d5-454a-8137-9af13b18c701,"3,6,7,1,4,5",2,3,6,7,1,4,5,3
00002928-50a2-49dc-bfd7-65bb78b234d6,"3,4,7,1,6,5",1,3,4,7,1,6,5,1
2c11a4d6-837a-4da9-8cb8-b02a5782f4f2,"6,7,1,3,5,4",1,6,7,1,3,5,4,6
c17c307d-7f4e-49be-9f86-91421ee011e7,"3,7,6,4,1,5",3,3,7,6,4,1,5,3
d8e04136-44dc-48a3-ad3f-0f1bbee1db51,"7,4,6,5,1,3",1,7,4,6,5,1,3,7
f4100eed-5923-4e3c-ae1c-45b055471dd6,"3,6,4,1,5,7",1,3,6,4,1,5,7,3
d06d1f34-760f-44d7-968d-a910e755c497,"4,1,3,5,6,7",1,4,1,3,5,6,7,4
8aad8d0d-0c34-4b16-b4d9-56d1802a5005,"7,4,6,3,5,1",3,7,4,6,3,5,1,7
0cfcf11b-22d5-4120-85ab-1ca19657da80,"6,3,7,1,5,4",1,6,3,7,1,5,4,1
f62ece69-9f55-4dcd-8a28-ac18f043614e,"6,3,1,4,7,5",1,6,3,1,4,7,5,6
186b25da-ff0d-4dde-b534-357070d412ea,"6,4,3,1,5,7",3,6,4,3,1,5,7,1
eaf03c8d-457f-4f99-b7e5-48fb74693cce,"3,7,1,4,6,5",1,3,7,1,4,6,5,3
038a6ae7-b2ea-4978-bbe5-5d2982bc4bb6,"3,7,6,4,1,5",3,3,7,6,4,1,5,3
608bd564-2661-4243-866b-ec040c81fea5,"3,4,1,6,7,5",2,3,4,1,6,7,5,3
9ad8c808-851f-415d-9ba4-faaed8aaf9a0,"1,7,6,4,5,3",1,1,7,6,4,5,3,1
6fc714cd-796d-4134-a00a-6383ff740829,"3,7,6,4,1,5",2,3,7,6,4,1,5,5
c3583710-653b-46db-b982-1e28da919d11,"6,7,3,5,1,4",3,6,7,3,5,1,4,6
0e19f9ae-58c4-4794-abe6-df047b662d4f,"7,4,6,3,5,1",3,7,4,6,3,5,1,7
7dae2719-2d5e-40aa-88c2-0ee3c7f749aa,"6,3,7,1,4,5",1,6,3,7,1,4,5,1
4488e035-4a8b-46ce-8b62-c590716e0029,"3,7,6,4,1,5",3,3,7,6,4,1,5,3
8b667f8c-9f59-4b5e-8d2c-ed54e17a9864,"1,5,6,3,7,4",1,1,5,6,3,7,4,1
39070c45-8280-4337-aead-a7f0d02605ed,"1,3,7,4,6,5",1,1,3,7,4,6,5,1
829ce934-5db9-4b8b-9565-3c3160b0349c,"7,3,6,1,5,4",3,7,3,6,1,5,4,7
f5416098-74f7-4b81-86d5-2c584da2a44b,"3,6,1,7,4,5",2,3,6,1,7,4,5,1
44dfbebd-40f5-40b6-a4d7-da179277646d,"4,1,7,5,3,6",1,4,1,7,5,3,6,4
995e59ca-a513-411f-b524-a9360d30a7df,"3,6,7,4,5,1",1,3,6,7,4,5,1,3
69ddc959-70bc-47f9-ac2c-75f2815a3835,"7,6,1,4,3,5",2,7,6,1,4,3,5,7
8c533389-5f96-496d-8dad-8f1eee128ca8,"7,4,6,3,5,1",1,7,4,6,3,5,1,7
bc4e737c-cbd5-4316-9cb9-bd0dc299ea7e,"6,7,1,3,4,5",3,6,7,1,3,4,5,6
daf65db8-12ce-498c-ad4b-a5aaf660ac1b,"3,6,1,7,5,4",1,3,6,1,7,5,4,3
614c2c99-db75-4de1-aabd-39adb42a46f6,"3,7,6,4,1,5",1,3,7,6,4,1,5,5
ab415284-46b3-43c3-8df0-b7bd399e7a56,"7,4,5,6,1,3",1,7,4,5,6,1,3,7
c67819ee-44b7-4a3f-bfb4-31770273ad0a,"6,4,7,3,1,5",3,6,4,7,3,1,5,6
e2a1751b-941e-4061-824f-3ba8998b55c9,"6,7,3,5,4,1",3,6,7,3,5,4,1,6
d16f768d-20ad-4953-b006-8b9cad350c37,"6,3,1,7,4,5",1,6,3,1,7,4,5,6
f27a9296-3156-411e-b837-ad6ba677bced,"6,5,3,7,1,4",3,6,5,3,7,1,4,6
e0497afb-9f60-4cf6-b5c8-f109ed8d0512,"6,5,1,7,3,4",1,6,5,1,7,3,4,5
7924c39f-ea07-4c33-b040-3619c832df8a,"4,5,3,6,1,7",2,4,5,3,6,1,7,4
bc506bca-ebc2-4367-9719-3bf6439a56b8,"3,4,7,6,1,5",3,3,4,7,6,1,5,3
eb0b9f6f-d18e-4b4c-b797-14885e2e5a24,"3,7,1,4,6,5",1,3,7,1,4,6,5,1
f8d0c839-7ba2-437c-a3fe-8b3584f2e114,"6,1,3,7,4,5",1,6,1,3,7,4,5,1
61a92c28-ebe9-4be9-a4a5-ba5311238d19,"6,7,4,5,3,1",3,6,7,4,5,3,1,7
86252ada-0a82-4107-aa85-110419e5f93a,"6,4,3,5,7,1",3,6,4,3,5,7,1,5
61e15f00-cf02-4efe-adcd-bb0b01a9556a,"3,7,6,4,1,5",1,3,7,6,4,1,5,3
ca581fcc-6f3a-4ef4-83df-db8637c558da,"6,4,3,7,1,5",3,6,4,3,7,1,5,5
18094fa4-e826-406c-a532-ceec74e56957,"6,7,4,5,3,1",2,6,7,4,5,3,1,6
39ad7b91-fad6-4298-a916-b0babc0ec9d1,"6,3,1,4,7,5",1,6,3,1,4,7,5,1
3c66cd73-f3db-4e96-8a5a-402326a74f15,"6,4,3,5,7,1",1,6,4,3,5,7,1,5
65d0aeee-abc4-486b-81f4-bb1018878688,"3,6,4,7,5,1",1,3,6,4,7,5,1,3
fd831284-bc85-4984-a985-7dd709155fa0,"7,4,6,5,3,1",2,7,4,6,5,3,1,7
b9829fdd-863a-4e14-838e-5a932baef7e7,"6,3,1,7,5,4",1,6,3,1,7,5,4,6
479d27e9-6be1-4bd3-a55f-bdd83fb7ca1b,"6,3,4,7,1,5",3,6,3,4,7,1,5,5
22802cef-6da0-48ce-80e7-05ccbc848314,"6,4,7,5,1,3",1,6,4,7,5,1,3,6
32552b5a-ce9c-46f8-8a50-bec168068e4d,"6,3,1,7,5,4",2,6,3,1,7,5,4,1
80d40059-0d7c-4445-be5c-595c35d24370,"6,3,4,1,7,5",1,6,3,4,1,7,5,1
19e82d4c-672f-4600-9887-85f2551cf8ae,"6,5,4,3,7,1",1,6,5,4,3,7,1,5
27c69f9b-bbcf-462e-91bb-b2f2aa83be1c,"7,6,4,5,3,1",1,7,6,4,5,3,1,7
ddae0ce5-655f-42b8-bc7a-d23ac8029d26,"5,4,6,1,3,7",3,5,4,6,1,3,7,5
2b445ae4-149f-472d-97d5-a31d4e795351,"3,5,4,1,7,6",1,3,5,4,1,7,6,3
a4b31cf3-29a7-4b35-8a3a-223d16229c76,"4,3,5,1,6,7",2,4,3,5,1,6,7,4
758463db-5c84-41cc-a344-5ee9c45b23b9,"4,1,6,7,3,5",2,4,1,6,7,3,5,4
44387cf7-08fe-4c60-ac6a-ea862b0260c0,"5,4,7,6,3,1",1,5,4,7,6,3,1,5
2fdaaa64-5b02-4c20-9bd7-353ab8355adf,"6,7,1,3,5,4",3,6,7,1,3,5,4,6
6f383bb0-4f84-4984-904f-ae23d8dc38a4,"4,1,5,6,3,7",1,4,1,5,6,3,7,4
aaa81855-10d3-4bc2-95e8-caf5f5fd95c7,"3,4,6,7,1,5",3,3,4,6,7,1,5,3
75b960d3-952b-4181-8ad9-5c89f5f585b1,"6,7,3,1,4,5",1,6,7,3,1,4,5,6
26623004-8fa0-4ce5-8019-f99bac9a1d4a,"4,3,6,1,5,7",2,4,3,6,1,5,7,4
cc68cedf-8562-4660-bb31-767a0fb504cb,"3,7,1,6,5,4",1,3,7,1,6,5,4,3
f0e46f2b-13f1-4601-964d-5e1962a6bfa2,"3,7,1,6,5,4",3,3,7,1,6,5,4,3
b7458685-869e-403d-a49e-aa85efeb3b36,"6,4,7,3,5,1",3,6,4,7,3,5,1,6
34afeae1-fa7d-4008-afee-718ff2f3c9d7,"6,4,7,3,5,1",3,6,4,7,3,5,1,5
8e3c28e2-708e-468f-b8d0-9f55cbcfe15c,"7,6,5,4,3,1",3,7,6,5,4,3,1,7
7ea4f131-8430-49e9-9662-00ef51050f16,"4,5,3,1,6,7",3,4,5,3,1,6,7,4
6b554aba-6882-4959-be5a-ade69d45a66b,"3,6,5,7,1,4",2,3,6,5,7,1,4,5
d0f2b01d-eacc-42b3-9301-08d1dbc3383c,"3,4,1,5,6,7",3,3,4,1,5,6,7,3
13c44cbb-3f34-4aab-b606-03e4b6c208a2,"6,3,1,4,7,5",3,6,3,1,4,7,5,1
629c699a-c18a-48cb-889e-4fc071c216c8,"6,1,5,3,7,4",1,6,1,5,3,7,4,6
eed93168-1635-4720-9abb-748199c32b91,"5,4,7,6,1,3",3,5,4,7,6,1,3,5
bdb8d20a-3901-404f-a3d1-4c4c101a95ab,"6,7,1,5,4,3",2,6,7,1,5,4,3,6
6594972b-d1f7-493a-8eb9-fe2b3f03f54a,"7,6,3,4,5,1",3,7,6,3,4,5,1,7
da3121ae-f998-4c18-878d-1525d5599016,"4,3,6,7,1,5",2,4,3,6,7,1,5,4
fbb3676a-b062-4e0f-941c-6ec189426da9,"6,1,7,3,5,4",3,6,1,7,3,5,4,6
9b98fab3-209f-459a-b988-b3846e6a9d5e,"7,3,6,1,5,4",3,7,3,6,1,5,4,7
95a72edb-b500-4e63-9e92-73d0718a4723,"1,6,5,7,4,3",1,1,6,5,7,4,3,1
a2a24c07-dc45-4dec-8192-ccca7f325e19,"6,7,4,3,1,5",1,6,7,4,3,1,5,5
c45be04d-cc2a-4934-bf66-cae502c412a0,"6,5,1,7,4,3",2,6,5,1,7,4,3,6
0c5f317c-34c7-4f44-b41a-845f80bda673,"4,3,1,6,5,7",1,4,3,1,6,5,7,4
f3764ef4-aa22-4222-b490-099d544a6a49,"6,3,7,1,4,5",3,6,3,7,1,4,5,6
bedfccfc-ae94-420b-91ad-dd8314048d6d,"4,3,6,1,5,7",1,4,3,6,1,5,7,4
1ab506d8-05a4-4432-a650-687865a99582,"3,4,7,5,6,1",2,3,4,7,5,6,1,3
4ed4a2bf-89d3-41d3-86d4-977fb086c55e,"4,3,7,6,1,5",1,4,3,7,6,1,5,4
3fb79075-50f8-4bed-b272-cb2c59fce220,"6,7,1,3,5,4",2,6,7,1,3,5,4,6
f2d76d5b-a6b6-4e89-a3c7-01fe0bde6e3e,"6,7,4,3,5,1",1,6,7,4,3,5,1,7
613b419d-4b73-4915-92f5-d7320004a92d,"5,4,6,1,7,3",1,5,4,6,1,7,3,5
1c23bdfd-cda8-4428-98c8-9a934cd3fab1,"3,7,6,4,5,1",3,3,7,6,4,5,1,3
bb133c95-f1ae-4d2d-bc4a-33fd4562193a,"6,4,7,5,3,1",3,6,4,7,5,3,1,6
6e4dcace-86fc-4239-86df-9d47e32b9822,"3,6,7,4,1,5",3,3,6,7,4,1,5,3
8e5ffb2b-b5c1-4a5d-8732-a894dae99203,"4,3,6,1,5,7",3,4,3,6,1,5,7,4
9c940849-a3df-4aa8-9b36-cbda7f90e5c0,"6,3,1,4,7,5",1,6,3,1,4,7,5,1
8b07bfdf-592a-46ad-9626-7ec8cc1efaaa,"6,4,1,7,3,5",3,6,4,1,7,3,5,6
5c9b83d4-23f2-42e3-9c3e-4079831d8af2,"1,6,5,7,4,3",3,1,6,5,7,4,3,1
54ff6f5b-5587-4a28-afcf-3889a91f1897,"4,3,6,1,5,7",3,4,3,6,1,5,7,4
7d0595b3-9ccf-49ce-9ca7-62a261f59f22,"6,7,3,1,5,4",1,6,7,3,1,5,4,1
4a4aadcd-51ba-4fd0-b052-6fc1841d55d9,"3,4,5,7,6,1",1,3,4,5,7,6,1,3
3253d618-facb-48f8-ba4b-614cdd931c28,"4,3,6,5,1,7",1,4,3,6,5,1,7,5
cfce939f-22ca-4654-abaa-994a26f8f669,"3,6,5,7,1,4",3,3,6,5,7,1,4,3
baa65360-a43c-47b2-a533-1bed7e9068ad,"3,4,6,7,1,5",3,3,4,6,7,1,5,5
1c4a0c4d-09ba-4883-be9a-fae571a3ec4e,"3,1,6,5,4,7",2,3,1,6,5,4,7,3
278ba432-a8a4-4256-9d78-514132f4012e,"3,1,6,5,4,7",2,3,1,6,5,4,7,3
6f4716cc-47f3-4b24-a9db-b779d54b9b12,"6,5,4,3,7,1",1,6,5,4,3,7,1,5
13b5fe21-1880-4d4e-bd7f-1d2591832af6,"4,3,1,5,6,7",2,4,3,1,5,6,7,4
c17a7cb3-1f02-4ae5-8dd9-f1023e078893,"6,3,7,5,4,1",1,6,3,7,5,4,1,5
eeeb651a-9570-4296-9f00-8ab8fb578ff6,"6,4,3,7,1,5",3,6,4,3,7,1,5,6
9e5e2978-8ad1-443b-8009-7efdfa628769,"1,3,7,6,4,5",2,1,3,7,6,4,5,1
4b6a701e-96a0-45a6-9b23-2b988ce1994f,"4,3,6,1,5,7",3,4,3,6,1,5,7,4
849d99c3-b6f7-41a8-9102-bf6c6e8e5eed,"4,3,6,1,5,7",2,4,3,6,1,5,7,1
7e5d8bf9-cf07-47e3-a978-7b8d212e78b2,"3,1,7,6,5,4",1,3,1,7,6,5,4,3
a0d439a8-016c-4376-bb5c-b4dc9a4b9e72,"6,7,3,5,1,4",2,6,7,3,5,1,4,7
c96388f0-d808-4e51-a868-6f9ccf8fbde8,"6,3,7,4,5,1",2,6,3,7,4,5,1,5
ea239326-8702-430f-b67a-2e2f6c4b1248,"3,7,6,5,1,4",3,3,7,6,5,1,4,3
ec30f32e-f4d8-4623-b322-6a3fd2965bcd,"7,6,1,3,5,4",1,7,6,1,3,5,4,7
49dd94b0-63e1-4ec3-a3a3-d126811b3477,"6,7,3,5,4,1",1,6,7,3,5,4,1,6
b6561e91-402a-46a5-9443-dd733e699a99,"3,1,6,5,4,7",2,3,1,6,5,4,7,3
a3156c74-075f-4032-b085-7cf6efc20aeb,"6,3,7,1,4,5",3,6,3,7,1,4,5,6
002cb2f6-248a-4186-95ad-a6bacfacf513,"1,6,3,7,4,5",1,1,6,3,7,4,5,1
66022f11-cbd0-4392-8e32-186e75e7adfe,"1,5,4,7,6,3",1,1,5,4,7,6,3,1
bf8dd324-6a85-4300-885a-49b242a1f6d2,"7,3,6,1,4,5",2,7,3,6,1,4,5,7
23d5b353-20d7-4bc1-bab7-d102e54efd7d,"6,4,5,7,3,1",1,6,4,5,7,3,1,6
3656c47e-d860-4afc-8519-6e29029d1e97,"6,3,7,1,5,4",3,6,3,7,1,5,4,6
ae2be29f-fb2d-4772-9fe7-2c6c66e2703b,"6,1,7,3,5,4",3,6,1,7,3,5,4,1
83baa4c6-4f45-484e-ae2c-c46f7cb8680f,"6,7,3,1,4,5",2,6,7,3,1,4,5,1
f64f15c1-9fa0-4fd3-9ece-6534cc1cd84e,"6,7,5,1,4,3",1,6,7,5,1,4,3,6
90dc4edc-5d36-4c4a-9040-ce39c56662f4,"4,6,3,7,1,5",1,4,6,3,7,1,5,4
77f3d403-a014-4014-ae84-fc45d87654fe,"7,6,5,4,1,3",2,7,6,5,4,1,3,7
6d1f8b04-3e03-44fe-aec4-41034d147873,"4,6,7,5,3,1",2,4,6,7,5,3,1,4
fab6474e-7e94-43ed-8ae3-39a822714cfc,"3,6,1,7,5,4",3,3,6,1,7,5,4,1
fdb45a58-17d0-4878-b4b2-54e12d2e1414,"6,7,1,3,5,4",2,6,7,1,3,5,4,1
0abcd519-98cc-4bc3-b859-1655001b1f72,"4,6,1,3,7,5",2,4,6,1,3,7,5,4
01c399a1-019c-4cc6-8677-193a82278117,"7,6,1,4,3,5",1,7,6,1,4,3,5,7
f3c32946-4224-4158-894d-078dac06b761,"4,5,1,3,6,7",1,4,5,1,3,6,7,4
6a0a6dfa-69fd-4364-ade3-c58a782506b9,"4,7,5,6,3,1",1,4,7,5,6,3,1,5
589bb989-db68-42e1-99f1-68086a29d77e,"3,4,7,6,5,1",1,3,4,7,6,5,1,3
f7607326-0778-40b2-a145-2864c379fef3,"7,6,1,3,4,5",2,7,6,1,3,4,5,7
00598896-7857-42fd-be8d-4082e1c21f0e,"4,6,1,7,3,5",2,4,6,1,7,3,5,4
3acd8b64-7620-46c9-80b7-9831d3395cd0,"4,6,7,5,1,3",1,4,6,7,5,1,3,4
cb9bbb86-5180-4b05-8e46-81b425c65cdd,"3,6,1,4,7,5",2,3,6,1,4,7,5,1
d1d810ee-134e-43a9-ac09-2e156b3ac08f,"4,3,6,1,5,7",1,4,3,6,1,5,7,4
bc0c3af9-8596-4b41-be94-11d5b2ab3c9f,"3,4,6,5,7,1",1,3,4,6,5,7,1,3
f2897b12-ce7a-4192-8a3a-62fad07e641d,"5,3,6,4,7,1",1,5,3,6,4,7,1,5
9398bd15-003e-4ca1-bca8-9990ad6ed15a,"4,6,1,5,3,7",1,4,6,1,5,3,7,4
954a8503-8c50-4085-a763-deae4064399b,"7,6,4,3,1,5",1,7,6,4,3,1,5,7
207d9570-f1ce-44af-8f3c-ef8c14732b40,"6,5,3,1,4,7",1,6,5,3,1,4,7,6
7e24ff52-7b86-45d1-af0a-a84a38776037,"5,3,7,1,4,6",1,5,3,7,1,4,6,5
95855f21-7ffe-4369-8d2b-522e71f7e818,"4,3,7,5,1,6",1,4,3,7,5,1,6,4
c55f42d4-d08a-4450-b7aa-14481e64b1b4,"3,7,1,6,5,4",1,3,7,1,6,5,4,3
91142833-1f37-4b05-b7ed-bb4e987222eb,"1,4,7,3,6,5",2,1,4,7,3,6,5,1
58fa2c93-b38d-405f-a9de-4ac3b05aea38,"1,6,5,3,7,4",2,1,6,5,3,7,4,1
df791f33-2d73-4f1a-8442-b6553b8e071f,"6,1,7,5,3,4",1,6,1,7,5,3,4,6
338b2122-4479-4ce0-b15f-a1ef78c22428,"4,5,1,7,3,6",1,4,5,1,7,3,6,5
0eb3d9cc-c0b3-4554-a1d9-d67a4f6909a1,"1,4,5,3,6,7",1,1,4,5,3,6,7,1
f35a5636-3304-4816-b20c-6d9f0fcf08bc,"3,4,7,6,5,1",3,3,4,7,6,5,1,3
83fda222-35bd-480c-a4b9-d3fbc38df984,"1,6,3,7,5,4",1,1,6,3,7,5,4,1
d670e3c7-8aac-4c9b-af8d-03219ca54204,"1,3,4,5,6,7",3,1,3,4,5,6,7,1
1fb6dce4-9315-4655-a76b-5efd1a6ab681,"4,7,6,5,3,1",1,4,7,6,5,3,1,4
9ff83229-8722-4df1-b2c3-39cb04b896b2,"4,1,6,5,3,7",2,4,1,6,5,3,7,4
62958121-607b-4cf6-b699-4da1b3bbf293,"6,7,5,1,3,4",2,6,7,5,1,3,4,6
074d7ac9-a210-4750-8b9c-4de69ee1fb8a,"6,4,3,5,1,7",3,6,4,3,5,1,7,5
105ff995-90ab-454f-bf50-c158647ee78f,"7,6,1,4,5,3",1,7,6,1,4,5,3,7
081947a0-941f-44f5-acda-3e7dd463a9b5,"7,6,4,3,1,5",2,7,6,4,3,1,5,7
2369061a-6e9a-4d57-a09c-c34712053d16,"7,3,1,5,6,4",2,7,3,1,5,6,4,7
e95d18b2-8621-4570-a789-08e5e1c8c53e,"7,3,6,1,5,4",3,7,3,6,1,5,4,7
daa3ae11-9e54-4449-a061-6722c358b3ef,"4,1,6,3,5,7",1,4,1,6,3,5,7,1
0be395bc-58f6-4cf7-8945-ff64e861406c,"6,4,5,1,3,7",1,6,4,5,1,3,7,5
eb572fd9-3012-4977-9353-ea82b8f4c4fe,"7,3,6,1,4,5",3,7,3,6,1,4,5,7
cfe77fc9-879f-4d4b-a498-0a81cad4cf9a,"3,1,7,5,6,4",3,3,1,7,5,6,4,3
35668288-8558-4a6d-96b6-945f2ee209a2,"3,7,5,4,1,6",1,3,7,5,4,1,6,3
11353237-bf20-4f97-9d1a-367ee20ef657,"6,4,5,3,7,1",3,6,4,5,3,7,1,5
592caaf5-a0c3-4641-8e2e-d64557dcd260,"4,3,1,7,6,5",1,4,3,1,7,6,5,4
76afdbeb-6c8f-4ebb-a5c5-a579a3aad34c,"7,3,6,4,1,5",1,7,3,6,4,1,5,7
a5c6f560-f3f8-4442-a243-2990bf178233,"6,7,3,1,4,5",2,6,7,3,1,4,5,6
bc3c9cec-0261-4ad1-886d-9e2b3c81f046,"7,6,1,3,4,5",2,7,6,1,3,4,5,7
b3292daa-2d10-4101-b2cb-a898888fd37b,"6,7,3,1,4,5",3,6,7,3,1,4,5,1
60657fdc-a062-490d-a243-2bf0af5b8623,"4,7,3,5,6,1",1,4,7,3,5,6,1,4
71a20e2a-5751-4c9d-a465-8a05a8f38200,"6,3,1,7,4,5",1,6,3,1,7,4,5,1
24ef1462-e3d9-49f2-b968-3a8de96a5b73,"4,6,1,3,7,5",1,4,6,1,3,7,5,1
560f9771-4a92-496d-ba38-184867680c46,"4,1,6,7,3,5",3,4,1,6,7,3,5,1
0e50e7ed-de44-4b1d-8740-b6dc986c9066,"3,1,4,6,5,7",1,3,1,4,6,5,7,3
431298ff-3445-4dde-a7d3-4cb3d98a6e4e,"6,4,5,7,3,1",1,6,4,5,7,3,1,5
6ac4e2e0-b967-4af5-a261-f5cb075eb60a,"4,6,1,3,7,5",1,4,6,1,3,7,5,4
11bc1183-a64e-4004-8b2e-d49ccc13cf89,"7,6,3,1,4,5",3,7,6,3,1,4,5,7
77442d08-cacf-49a3-8699-301bb40b1ff0,"3,1,6,7,5,4",1,3,1,6,7,5,4,3
ee1cd699-1ace-4670-99ea-97bcf31118d3,"6,7,1,3,5,4",3,6,7,1,3,5,4,6
fc744575-6b76-4c0f-82e8-4a55f54358c3,"6,3,7,1,5,4",1,6,3,7,1,5,4,1
751c32b1-ef30-49b1-a1a3-92dcb2fc77e8,"6,3,7,1,5,4",2,6,3,7,1,5,4,6
10c3cb8f-748e-468f-959d-3ab3719dfd62,"4,7,3,6,5,1",3,4,7,3,6,5,1,4
c12dbe0e-7db6-47c4-ae3c-269fcaf1cbc1,"6,7,4,1,3,5",1,6,7,4,1,3,5,6
8db9da12-705f-43d7-a1ec-2093934d05fc,"1,6,3,7,4,5",3,1,6,3,7,4,5,1
3900d2bb-6d98-485b-b2be-d742940b10ec,"4,7,6,3,1,5",1,4,7,6,3,1,5,5
189613cb-e15b-45e4-a51e-437500029e15,"6,7,1,3,5,4",2,6,7,1,3,5,4,6
469dc835-9f5b-4d27-9fb5-ea00187f57cc,"4,1,5,7,3,6",1,4,1,5,7,3,6,4
179b66fa-9f84-45dd-b0b7-a168098e07e6,"6,4,7,5,3,1",3,6,4,7,5,3,1,6
0e0cc7d0-3c0d-4961-a4d5-72f6bbb5460d,"3,7,1,4,6,5",1,3,7,1,4,6,5,1
89f7ad91-8b7e-4743-a4e6-8367999a6aea,"6,4,3,5,1,7",1,6,4,3,5,1,7,6
71d6289a-fa35-445f-815a-bf539c9da41e,"3,1,5,6,4,7",1,3,1,5,6,4,7,3
d08850ee-3c56-4207-90a0-26efe63de05b,"7,6,3,5,1,4",1,7,6,3,5,1,4,7
5a998abe-1db1-4007-8e2d-2b4b063312fb,"4,1,3,5,7,6",1,4,1,3,5,7,6,4
3a965e74-4125-41ef-9960-f9711ad43a1a,"4,6,3,1,5,7",1,4,6,3,1,5,7,4
9d66771e-3606-4b11-9f75-d73f4e8fa2f8,"3,7,5,1,6,4",2,3,7,5,1,6,4,3
b2fe47c2-3ff0-4c3b-a12c-9c8660975d16,"1,7,5,3,6,4",3,1,7,5,3,6,4,1
ffc8ef22-765a-4d46-abca-c8b65a835a9c,"6,4,3,5,1,7",1,6,4,3,5,1,7,5
35806a4e-3672-4c6f-a745-ab66ce4fe76c,"4,6,3,1,7,5",3,4,6,3,1,7,5,4
12647cb3-c540-4e49-ba87-6724f6b1117c,"4,7,3,1,5,6",2,4,7,3,1,5,6,4
ba0bb49a-3b92-44cd-a719-970ac5424537,"4,3,7,5,6,1",2,4,3,7,5,6,1,4
4b0b03ec-c4d6-4e88-ad48-773e528fe6ff,"6,7,4,3,1,5",2,6,7,4,3,1,5,5
83478150-5988-4a2b-af9b-3e9a5f689977,"4,5,1,3,6,7",3,4,5,1,3,6,7,4
ccbea639-3c9c-4527-ae8d-dbd87639e04f,"7,3,1,4,6,5",1,7,3,1,4,6,5,7
bd3a82ec-5b4e-4991-ae5a-2e90429f4de8,"7,5,3,1,4,6",1,7,5,3,1,4,6,7
84d28a7c-04d1-49fc-8967-a224e528aff3,"4,1,5,6,3,7",1,4,1,5,6,3,7,4
ef87ec43-0465-4ed6-ab84-88abb6c3a50f,"3,4,7,1,6,5",1,3,4,7,1,6,5,3
f28a0a1a-b729-401a-8185-0e7fb8b3d190,"7,6,3,1,4,5",1,7,6,3,1,4,5,7
6d74378d-313d-44fe-a449-4e328a0ffa9b,"6,3,7,4,1,5",3,6,3,7,4,1,5,1
ff4f8ff9-ec72-4841-bc00-b569fc536477,"6,3,7,1,4,5",1,6,3,7,1,4,5,6
4ca118fe-89c1-46ff-a4a3-135d58ac3698,"3,5,6,7,1,4",1,3,5,6,7,1,4,5
580b3e28-e151-431e-b7fb-573cba039641,"6,3,1,5,7,4",3,6,3,1,5,7,4,6
bb68750f-5961-459c-9702-e9499566f870,"6,7,3,5,4,1",3,6,7,3,5,4,1,6
60b5a06a-d98a-49d7-bf5a-a85ef31fdef5,"3,7,6,5,1,4",1,3,7,6,5,1,4,3
f42536c4-6a2a-433d-9004-f2ea132fff0c,"4,7,1,3,6,5",3,4,7,1,3,6,5,1
002a9baf-d299-4698-b053-88d7feefee18,"4,6,7,5,1,3",3,4,6,7,5,1,3,4
b587510a-0f4a-4b6f-b9fb-35ce97b0e739,"7,6,1,5,4,3",2,7,6,1,5,4,3,7
20f8faf9-91c1-4381-8e2a-455aeecab4ee,"3,1,7,6,5,4",1,3,1,7,6,5,4,3
80accfef-f5f1-498d-80a8-85de1c2d7332,"6,3,7,1,5,4",2,6,3,7,1,5,4,6
c76c1e70-e74b-48c6-8da2-ebc122433ea1,"7,1,6,4,5,3",1,7,1,6,4,5,3,7
7d1db2db-9541-4ee5-a372-512a684cc616,"6,4,5,7,1,3",3,6,4,5,7,1,3,5
a0b84f31-f522-4709-ab7f-8f0769e13308,"5,7,6,1,4,3",1,5,7,6,1,4,3,5
a3935965-7935-4d51-b8cc-99f06b358772,"3,6,1,4,5,7",3,3,6,1,4,5,7,3
08b4488d-7fe7-4bdb-8252-ddd0fc396b94,"5,1,4,3,6,7",1,5,1,4,3,6,7,5
c5d46ba0-7c3c-41ea-b0e1-c4c38f7b0921,"5,3,4,7,6,1",2,5,3,4,7,6,1,5
ccd1c1ae-53f5-43fa-968d-c7c5d2934a2b,"6,4,5,3,7,1",3,6,4,5,3,7,1,6
32918cc2-bdad-4167-9a76-c9bfe0c64286,"5,6,3,1,4,7",1,5,6,3,1,4,7,5
c6e0f119-0230-4a7e-8410-a1c0d2ee97bb,"5,4,7,3,1,6",2,5,4,7,3,1,6,5
e73c3c0d-b89d-49d5-8c20-ae25a3240a4f,"6,4,5,3,7,1",3,6,4,5,3,7,1,6
cdfebcd0-fa5c-42bb-abb8-3dca7e93601b,"6,4,1,7,3,5",3,6,4,1,7,3,5,1
8631a5b2-d2d5-404d-8c9a-8deee89438b0,"7,1,3,5,6,4",3,7,1,3,5,6,4,7
a9296572-04b8-4b7f-bf15-cc0c07b0df06,"7,3,6,1,4,5",3,7,3,6,1,4,5,7
aff67ec9-f15c-4e60-a78e-a2592a1afbf3,"4,5,3,1,6,7",3,4,5,3,1,6,7,4
f2a2ad3d-9a9a-4020-898f-8db8bffb43c1,"7,6,3,5,4,1",1,7,6,3,5,4,1,7
f8696c9f-f125-40d4-81c3-32aa2eb9a8aa,"6,1,7,3,5,4",1,6,1,7,3,5,4,1
84eaf7d9-7112-46ee-8cac-142825d1999f,"3,6,5,1,7,4",3,3,6,5,1,7,4,3
13333fb2-9e19-4047-a583-faa47f7e3780,"3,4,1,7,6,5",1,3,4,1,7,6,5,3
ea9512df-ffa0-42fd-9641-792a9cfd8e5d,"4,3,1,7,6,5",3,4,3,1,7,6,5,4
48241a47-006a-4fe9-a9cb-d221f6bf1e6c,"7,3,6,1,4,5",2,7,3,6,1,4,5,7
a49c5fa2-43bc-41cb-9ffc-ce1c1dda9b85,"6,7,3,4,1,5",1,6,7,3,4,1,5,5
25c9b08f-92d6-48de-b758-ed14ff155336,"4,7,3,5,1,6",3,4,7,3,5,1,6,4
d6eb7ff2-10ea-498e-97b0-db9a0cc99bdf,"5,7,4,3,6,1",1,5,7,4,3,6,1,5
eae9f06c-5035-4bab-8255-f6aab3365fd8,"6,4,7,5,1,3",3,6,4,7,5,1,3,5
a418d397-c2f2-4a06-af0c-435d08360f5c,"7,1,5,4,3,6",1,7,1,5,4,3,6,7
02e826af-0cbf-4558-8447-0a1111745844,"1,7,5,6,3,4",2,1,7,5,6,3,4,1
8aaf0e83-b5e8-4d09-8fc4-3f6cf32d35c0,"4,6,3,7,1,5",2,4,6,3,7,1,5,4
fcfddabb-4b8c-4c62-abf8-7f64b75455a1,"3,4,7,5,1,6",1,3,4,7,5,1,6,3
fa37174b-5edb-413e-a567-867ca5ff6ac2,"1,3,6,5,4,7",1,1,3,6,5,4,7,1
dd34f2de-933d-45d1-b646-35b8f8b4f3d8,"7,4,3,1,6,5",1,7,4,3,1,6,5,7
693b84ed-0d6c-4e6e-b835-8b9bbf3c7c74,"7,4,3,5,1,6",1,7,4,3,5,1,6,7
cf229b02-c6cf-417d-b4a3-0ecac3f40fe3,"1,3,6,4,5,7",1,1,3,6,4,5,7,1
f1c40db0-776b-4afc-ab0f-e8c20f667ec4,"4,1,6,3,7,5",1,4,1,6,3,7,5,4
b4a02b34-889f-45eb-9911-9f5e6f504f73,"6,4,5,3,7,1",1,6,4,5,3,7,1,6
12c3fe41-5e69-4a03-bc2d-36e8fed24f7c,"3,1,5,4,7,6",1,3,1,5,4,7,6,3
8eb1f3f1-d6b2-4423-84b3-affd6805a3c2,"6,7,1,5,3,4",2,6,7,1,5,3,4,1
d6b48232-937b-42b9-9d28-72b27eae1a2e,"7,1,3,6,4,5",3,7,1,3,6,4,5,7
e8bf1d62-7f81-47b4-a4a2-9bee6f8c2246,"4,1,6,3,7,5",1,4,1,6,3,7,5,4
351823f8-5788-4f72-86f4-09995e979084,"3,7,1,5,4,6",3,3,7,1,5,4,6,3
d50dc2be-2ae9-4620-87c6-eaedf51bb3f3,"7,3,4,6,1,5",1,7,3,4,6,1,5,7
c3f2051e-5241-4bad-b915-75e3f5af858a,"6,5,3,1,7,4",1,6,5,3,1,7,4,5
7fadb0f3-17d9-4a9d-906e-fdf288b1fcb1,"7,6,1,5,4,3",2,7,6,1,5,4,3,7
8038b10e-fcaf-44c0-9306-b97ab0e60a44,"7,1,3,4,5,6",1,7,1,3,4,5,6,7
b66fd81f-90f1-486c-bc3d-ba0702ba62ed,"4,3,1,7,5,6",1,4,3,1,7,5,6,4
bf6b5792-18a2-478d-94c6-a7914a3b2ccf,"3,1,5,6,4,7",1,3,1,5,6,4,7,1
6053370a-7ee5-41e7-90c5-e41cdf3e74af,"3,4,6,1,7,5",2,3,4,6,1,7,5,1
5b353ac3-2b4b-4811-944c-0014fe8742e1,"3,4,6,7,1,5",3,3,4,6,7,1,5,3
f8ec1561-4292-4dd0-8b8f-a00f4c7b5c52,"7,5,4,6,3,1",3,7,5,4,6,3,1,7
fa25960f-9422-4426-8cfe-1550f9cbc44d,"4,6,3,5,7,1",2,4,6,3,5,7,1,4
9a725a5f-bb97-4d8d-ada4-6a21d2c4d77d,"7,6,1,3,5,4",3,7,6,1,3,5,4,7
f1a281fe-4b5f-4bc2-b536-ddcf47a9b69d,"6,3,7,5,4,1",2,6,3,7,5,4,1,5
3ef3ff4a-257e-4eb1-9427-90a08e0aa588,"3,1,7,4,6,5",3,3,1,7,4,6,5,3
cd74fb62-7631-4bd0-95e0-549483343095,"6,3,1,5,4,7",1,6,3,1,5,4,7,1
9085b0e7-fc86-4a42-a622-734ad222242e,"3,6,7,1,4,5",1,3,6,7,1,4,5,3
e4496dc6-f1b2-43a2-a96f-ec4d7bcd6ced,"1,3,6,7,5,4",2,1,3,6,7,5,4,1
749f1e39-5112-4c45-9584-e974619b8ff7,"7,4,3,5,1,6",1,7,4,3,5,1,6,7
0560a7c0-ffbc-4e7a-b649-a92ca3961f39,"6,3,7,5,4,1",1,6,3,7,5,4,1,5
257ce896-db0b-446c-8b9d-c82c917b69d2,"1,6,7,3,4,5",3,1,6,7,3,4,5,1
8ff43771-a5e2-41c1-ba13-364d661652d2,"3,6,7,4,5,1",3,3,6,7,4,5,1,3
7bc12f1c-4b46-4b9b-90f4-d95a166a9638,"4,7,3,5,1,6",1,4,7,3,5,1,6,4
8fd38984-2bf0-4a12-9bfa-ca41eea92c6e,"3,7,1,6,5,4",1,3,7,1,6,5,4,7
951cc293-5c80-43b1-8298-9aef5e346dbf,"6,3,7,1,4,5",2,6,3,7,1,4,5,6
06d1a495-52bc-4e22-8e0e-a593b43bf10d,"4,7,6,3,1,5",1,4,7,6,3,1,5,4
5bdf9e4e-15d5-4bee-bfbd-216e4b7b9f7a,"7,1,3,4,5,6",3,7,1,3,4,5,6,7
4c3dd3aa-208f-4f05-ab6e-a45cc4d01e6e,"6,7,4,3,5,1",1,6,7,4,3,5,1,6
d29815da-f7a9-4a58-ac6b-8b01e87a1baa,"3,7,4,6,1,5",1,3,7,4,6,1,5,3
8d9fd7e5-785c-4698-8c3c-fe361c08ae17,"1,6,7,3,4,5",2,1,6,7,3,4,5,1
cddd66fd-d36e-49cf-a6a0-6d21d5eaacf6,"3,1,6,4,7,5",1,3,1,6,4,7,5,1
b632eb79-aa2a-4e99-b149-4809357e9ef1,"3,6,1,4,5,7",1,3,6,1,4,5,7,3
44d35200-68fd-4bf2-b1b4-caae8919e4d6,"7,6,1,5,3,4",2,7,6,1,5,3,4,7
eae3f053-bc30-4308-90b1-24b0987fc6e3,"4,6,3,1,5,7",3,4,6,3,1,5,7,1
78308269-987b-4cd0-a287-104c93fe7180,"4,6,7,1,3,5",1,4,6,7,1,3,5,4
092da25c-c681-40e1-b60f-e0611346fb0d,"1,4,7,6,3,5",1,1,4,7,6,3,5,1
bcfd5235-107b-478a-aead-00981c804514,"4,3,6,7,1,5",1,4,3,6,7,1,5,4
c23e39aa-bb95-47da-aacf-107742bc54ee,"4,7,6,3,1,5",1,4,7,6,3,1,5,4
b684afaa-5d4f-42d7-9bac-15f31f65804c,"3,6,4,1,5,7",2,3,6,4,1,5,7,3
77a63c9e-904b-42f0-91a2-a1b6e8be13d7,"3,7,1,6,4,5",1,3,7,1,6,4,5,3
989ea0da-79af-4a44-b961-fa0e2d6aa99f,"6,7,1,4,5,3",1,6,7,1,4,5,3,6
db1a738d-2a0a-4f8a-bb23-6186504a8435,"6,7,3,4,1,5",3,6,7,3,4,1,5,5
4484edac-0d4a-4592-b4c0-341710c8aea4,"7,5,6,4,3,1",2,7,5,6,4,3,1,7
debf9fbe-3236-40e1-ab49-2ed4dfb48db4,"7,3,5,1,6,4",1,7,3,5,1,6,4,7
28dac022-50cb-42ac-9fbf-67e932c9df9f,"1,4,7,3,5,6",3,1,4,7,3,5,6,1
aeb54db1-02f5-4a0c-9578-72dcc7e97d8d,"6,4,3,1,7,5",1,6,4,3,1,7,5,1
b446ac31-fa7b-4463-aeee-e180b661ddb8,"6,7,4,5,1,3",1,6,7,4,5,1,3,6
203d0e7b-10c3-43d8-a32b-b4f8944108b9,"3,4,7,5,1,6",1,3,4,7,5,1,6,5
e77465b8-4fcf-4a29-9ad6-ba3918442b2b,"6,3,7,4,1,5",1,6,3,7,4,1,5,5
a1d2d738-0dc5-4fe9-bcd1-f6d01d40f750,"6,4,7,3,5,1",3,6,4,7,3,5,1,6
989a97ab-e0fa-4023-9a38-2078f55514a9,"3,1,6,7,4,5",1,3,1,6,7,4,5,3
6bd0bc1c-da90-4116-8338-7aa419ec5b1d,"7,6,4,1,5,3",1,7,6,4,1,5,3,7
02f9606b-ab8b-44b0-a1f0-52ed33c8b15c,"3,6,5,1,7,4",3,3,6,5,1,7,4,3
b2c66ad0-1ef5-4fb4-97ff-271feb7b5b8c,"4,6,5,3,7,1",2,4,6,5,3,7,1,4
0b69fba6-a1e2-41df-aeab-2b0db2b0e3f2,"6,3,1,4,7,5",1,6,3,1,4,7,5,1
d2788ad1-5acc-494e-a81a-55284ad2ea59,"3,6,1,7,5,4",1,3,6,1,7,5,4,3
07dcd616-d77b-4782-ac95-09b3a2926e59,"6,4,1,5,3,7",1,6,4,1,5,3,7,6
2c64e832-307a-46ab-ad3e-85bc5145aae4,"6,7,3,1,5,4",1,6,7,3,1,5,4,7
f6d623f0-a37f-4c8c-ab26-89dec619768c,"3,7,1,6,5,4",3,3,7,1,6,5,4,3
34fdee72-be5d-4ebc-a92b-13bef515b740,"6,3,7,1,4,5",3,6,3,7,1,4,5,6
80ef012d-7be0-4b23-9aba-53198a779e9a,"3,6,1,7,4,5",1,3,6,1,7,4,5,3
a12d1f27-4b8b-4181-8ae3-488a84f9fc1b,"5,4,3,1,7,6",1,5,4,3,1,7,6,5
1c62cfa1-367b-4b26-b2be-01afabd7199d,"5,6,3,1,4,7",1,5,6,3,1,4,7,5
5f3f7bcc-0a2c-40bd-a188-885df387804f,"6,5,1,7,3,4",1,6,5,1,7,3,4,5
e2f9351c-8826-4616-a71d-7f41505b307b,"6,3,4,5,7,1",2,6,3,4,5,7,1,5
e9903d71-3802-47a9-99c6-7a4d4a555774,"6,1,7,5,3,4",2,6,1,7,5,3,4,1
f06522b7-b42d-4047-9f00-daffecb691e5,"3,7,1,6,5,4",1,3,7,1,6,5,4,3
a6b72b6a-c11a-4591-adc3-9ce93863fab2,"3,4,7,6,5,1",1,3,4,7,6,5,1,5
a7061987-a2d0-489d-a28a-54987fa4a30c,"5,4,6,1,3,7",2,5,4,6,1,3,7,5
6d2c52a8-58f5-4c56-878a-0e87aa55c549,"3,4,1,6,5,7",3,3,4,1,6,5,7,3
1225f8ad-5725-4445-a2bf-16457a156845,"4,5,3,1,7,6",1,4,5,3,1,7,6,5
befadb0d-6b82-4524-9a4c-e562d1f513f3,"4,5,7,6,3,1",2,4,5,7,6,3,1,4
03ded749-dd26-4fd7-9547-81dc3bae13cf,"5,6,1,3,4,7",1,5,6,1,3,4,7,5
6600585c-d7c4-4ddb-80c1-ccd12c466cf6,"6,4,5,3,7,1",1,6,4,5,3,7,1,5
ba1ea1e9-fb8d-4c32-817b-7557d9ffef0e,"7,6,1,3,4,5",2,7,6,1,3,4,5,7
64470f06-3940-4ebf-996c-1599ea4d04d7,"4,3,7,5,1,6",2,4,3,7,5,1,6,4
39f6c4b2-68c6-48a4-a273-6d64c89119b0,"6,7,1,4,5,3",1,6,7,1,4,5,3,1
1770d105-5e99-45c0-8f25-b06c784f4605,"7,6,3,4,5,1",3,7,6,3,4,5,1,7
f2188b27-0d51-4921-b74d-21ec454d978c,"6,7,3,1,5,4",1,6,7,3,1,5,4,6
b0ce5693-dd9d-45cf-a8e9-1a38cd754236,"6,3,5,7,1,4",1,6,3,5,7,1,4,5
899bbb05-824f-49a3-ab03-51c794fb069e,"4,5,3,7,6,1",2,4,5,3,7,6,1,4
3202f977-7ee2-4df4-a2db-8f43b51f9d80,"4,3,1,6,5,7",1,4,3,1,6,5,7,4
465459f4-5cbd-40a7-822e-788c5e456f32,"7,6,3,1,5,4",2,7,6,3,1,5,4,7
fe62d6e1-67e7-47d8-a0e2-558e516ced53,"6,4,5,1,7,3",2,6,4,5,1,7,3,6
fdd80e55-7d7a-4298-9427-8bc25b7bfec3,"6,4,1,3,5,7",1,6,4,1,3,5,7,1
4988e8ba-8842-4eb6-9466-98d94f88008c,"7,6,1,3,4,5",3,7,6,1,3,4,5,7
ef3e2c9d-afda-490e-8907-5b293bba3256,"3,7,4,5,1,6",3,3,7,4,5,1,6,3
9ba8c072-f68a-47d7-8c18-1fd56bd04c80,"3,1,5,7,4,6",2,3,1,5,7,4,6,3
3ec06c50-ae09-4cbe-80b6-498e5f2731a9,"3,4,1,5,6,7",1,3,4,1,5,6,7,3
91877d9b-99d7-41dc-99d9-14ef85a2b653,"3,7,1,6,5,4",3,3,7,1,6,5,4,3
c9d139e7-18a2-4a32-97f8-34b021bf2d58,"5,3,7,4,1,6",2,5,3,7,4,1,6,5
bbffe63d-751b-41a8-8c5b-d6f42c614d6f,"4,3,6,1,7,5",1,4,3,6,1,7,5,4
8bbba25f-740a-4483-9a0c-bd5760efcc5c,"6,3,7,4,1,5",3,6,3,7,4,1,5,6
f1f8153e-371b-4c48-9c73-596b14150e39,"3,6,4,1,5,7",2,3,6,4,1,5,7,3
6aa15d87-9ec6-4426-8676-0757f1aa05fb,"3,7,1,6,5,4",3,3,7,1,6,5,4,3
f916a3e6-f602-4b6b-a90b-58ad95afd729,"7,6,1,3,5,4",2,7,6,1,3,5,4,7
2816fdbc-3c33-4207-8e51-571f912dc922,"6,4,5,3,7,1",1,6,4,5,3,7,1,6
1a77bd1a-5708-471f-8e40-37fa76eb6a74,"6,7,3,4,5,1",2,6,7,3,4,5,1,5
32af8a37-2e2d-4358-b0bd-0976551a8322,"4,6,3,7,1,5",1,4,6,3,7,1,5,4
7238a6d0-6449-426d-8d77-9c6ffa1a6db7,"5,7,3,4,6,1",1,5,7,3,4,6,1,5
9d2c84eb-5d9d-47d4-a655-68257d62569f,"1,3,4,5,6,7",2,1,3,4,5,6,7,1
d9e092e8-c23d-4e60-9f6d-bb7d6b7afed1,"5,6,1,4,3,7",2,5,6,1,4,3,7,5
7706957f-fcbf-41ea-9afd-5f948b3ea871,"6,3,1,7,5,4",1,6,3,1,7,5,4,6
9262310a-02c5-4107-8381-82692d1630e9,"4,5,3,7,6,1",3,4,5,3,7,6,1,4
4743ed18-6550-480c-a640-75b9562fae31,"4,5,6,1,7,3",1,4,5,6,1,7,3,4
8f203bb7-f8e0-4d07-8a16-30e241e937df,"6,1,4,7,3,5",1,6,1,4,7,3,5,6
4cfdb1ea-b935-42da-9700-148ab1a7e019,"7,3,5,1,6,4",1,7,3,5,1,6,4,7
cb4cc19e-18f3-4e63-b4da-49a15c1e16d7,"4,1,7,6,5,3",1,4,1,7,6,5,3,4
615bf27c-f984-421a-a267-3c1473f7637b,"6,7,4,1,5,3",1,6,7,4,1,5,3,6
bfadb438-5340-42bb-bc3a-dd1c4eb61660,"6,4,3,1,5,7",1,6,4,3,1,5,7,6
0a0b5ede-d05f-4ab0-b266-0dde42f3acf3,"7,1,5,4,6,3",1,7,1,5,4,6,3,7
71199404-9433-42d2-9719-d9edf0fb8b02,"6,4,3,5,1,7",1,6,4,3,5,1,7,6
99723f7a-309e-43e9-833e-346437f1994e,"6,1,4,5,7,3",1,6,1,4,5,7,3,1
f843c7f4-4896-4d63-b799-389232f0c3c1,"3,7,1,6,5,4",1,3,7,1,6,5,4,3
46f82cfe-c19e-4d7b-a84d-d1f7f58147b6,"6,7,5,4,1,3",3,6,7,5,4,1,3,5
e630fb3d-768e-48aa-9e4a-44eb8bca089d,"7,6,1,4,5,3",1,7,6,1,4,5,3,7
e9ef52b3-811b-4c5e-b4e7-b76f142abc88,"7,4,6,3,1,5",3,7,4,6,3,1,5,7
9f7eb251-88c6-4594-9b70-82f964799240,"3,6,1,5,7,4",1,3,6,1,5,7,4,3
2ec6e8c4-9353-477d-80f3-96edc98e0a3e,"1,3,4,7,5,6",1,1,3,4,7,5,6,1
13614f1c-3032-46a5-bc8a-d2d6362c4a2f,"4,6,3,1,5,7",1,4,6,3,1,5,7,4
60d86bf6-7565-4984-acea-f3ad83a315db,"6,4,3,7,1,5",1,6,4,3,7,1,5,6
0cc06f79-1edd-4dc0-af63-9904bc8e19e2,"4,6,3,1,5,7",1,4,6,3,1,5,7,4
c361f1bd-1f66-403c-9337-806c526bd63c,"5,6,4,3,1,7",1,5,6,4,3,1,7,5
a6940454-46ee-466d-a77b-f827da8193f1,"6,7,3,5,4,1",1,6,7,3,5,4,1,5
1344a4c2-6657-4f4b-b5fb-8fb20551c176,"5,4,1,7,3,6",1,5,4,1,7,3,6,5
05d2be31-5e7b-43d3-a17d-232f50043f77,"4,7,6,3,5,1",1,4,7,6,3,5,1,4
f2c386b0-5c97-4247-a9e3-cf34a9eb5ff8,"6,7,4,1,3,5",1,6,7,4,1,3,5,6
9e4873a2-e256-4d81-9335-7e0e92e9bcda,"6,3,7,1,5,4",1,6,3,7,1,5,4,6
96ca01ac-6e92-4dd3-bb73-8b642fef2b7e,"4,3,5,6,1,7",1,4,3,5,6,1,7,4
cbd28915-d720-494b-beda-4c46e2740008,"4,6,5,3,7,1",1,4,6,5,3,7,1,4
ad66f129-6d6e-4b37-901b-7abee0d61089,"7,4,6,3,1,5",1,7,4,6,3,1,5,7
f9271396-0c16-4012-b5a7-929c2b1d3777,"1,7,4,6,3,5",1,1,7,4,6,3,5,1
5014746d-be45-4ea4-866b-f1dfe6fefa73,"4,1,6,5,3,7",1,4,1,6,5,3,7,4
83ad4959-1434-44df-8f29-1a409bd96253,"4,7,3,1,6,5",1,4,7,3,1,6,5,4
009f2de1-69ac-47b2-a2f2-68135e734c84,"7,1,5,3,4,6",1,7,1,5,3,4,6,7
3f6a8cf2-e05d-4989-9a6a-acfc750fb5ee,"3,7,6,4,5,1",2,3,7,6,4,5,1,3
830673dc-391f-460c-979b-7efd593feec4,"6,7,1,3,4,5",2,6,7,1,3,4,5,6
8c129e68-d2a8-42bc-9de1-3a07758ca8e9,"4,6,7,3,5,1",3,4,6,7,3,5,1,4
0dcb7315-918c-4fd8-85ac-f8f28b8114d1,"3,6,5,4,7,1",1,3,6,5,4,7,1,5
a234c51d-61b1-4eea-a828-bd2a64ead0bf,"1,7,6,3,4,5",1,1,7,6,3,4,5,1
34ea2549-bb21-44d1-be3a-4884a3627966,"5,7,3,6,1,4",1,5,7,3,6,1,4,5
a33b13ce-5ff4-4d4e-a481-974a33e213a1,"3,5,6,7,1,4",1,3,5,6,7,1,4,3
3c100591-63cd-4f79-8d94-fb40543c2c6b,"3,4,1,7,6,5",1,3,4,1,7,6,5,3
4a5b6b28-dbff-4fe9-84ce-d72a4f3d7a84,"7,6,1,3,4,5",2,7,6,1,3,4,5,7
0c6ef71c-1b18-45eb-8933-8539fed0d4c9,"7,6,5,1,3,4",1,7,6,5,1,3,4,7
56d9b660-e960-40bb-a028-0fc63aa70357,"6,3,7,5,1,4",1,6,3,7,5,1,4,5
217b9883-4f95-4bf5-8d26-79206adb6060,"7,6,3,4,5,1",1,7,6,3,4,5,1,7
30f88fcd-9bfb-445d-a3d3-e40540b04a69,"1,3,6,5,7,4",1,1,3,6,5,7,4,1
00ed2108-24d1-4e95-82fe-b83a802b471f,"4,7,1,6,5,3",2,4,7,1,6,5,3,4
4036acf9-6713-4053-b395-7f6c4072cfb7,"5,6,3,7,1,4",1,5,6,3,7,1,4,5
aa3119a3-ba59-4350-a5b7-636ab5a918db,"4,7,6,3,5,1",2,4,7,6,3,5,1,4
4efa6e7e-69a7-4ad5-a998-55a3a78d655c,"7,1,6,5,4,3",1,7,1,6,5,4,3,7
37e71c5b-ba0b-4f02-ae2b-16bed9e19482,"6,1,3,7,4,5",1,6,1,3,7,4,5,1
16844520-3745-43ca-8ea3-8b87f03bf16d,"4,3,7,1,5,6",1,4,3,7,1,5,6,1
0e9a167e-3594-4fc7-a758-174e25040340,"6,7,4,5,1,3",1,6,7,4,5,1,3,5
b51a87a9-822f-40d0-8a13-07d9a0575778,"6,7,5,4,1,3",3,6,7,5,4,1,3,6
5bb322aa-39b7-4027-b89d-109c997c4df3,"6,4,5,3,7,1",3,6,4,5,3,7,1,6
f7342453-0d94-4ffe-b9ed-d64a1d8f3a8c,"4,3,1,6,7,5",1,4,3,1,6,7,5,1
036cd751-d736-42a1-b88f-10d008271f03,"4,6,7,5,3,1",3,4,6,7,5,3,1,4
45700bdc-d281-494a-9df8-fe1e57437373,"4,5,1,6,3,7",1,4,5,1,6,3,7,4
dd8dc3e8-5cbe-475f-b71d-186993ba594c,"7,4,6,3,1,5",1,7,4,6,3,1,5,7
82f143d7-0247-4187-b5bc-44d212131d35,"6,7,1,3,4,5",1,6,7,1,3,4,5,1
69f3f340-059d-44fd-ae96-769ebefc0edf,"4,5,3,7,6,1",3,4,5,3,7,6,1,4
88217cd1-b503-42be-8e5b-40568f227946,"3,4,6,1,5,7",1,3,4,6,1,5,7,3
938d2444-81dd-4337-b769-40374420885f,"7,6,4,3,1,5",3,7,6,4,3,1,5,7
29736b1b-45a3-4217-87de-bc82814cbeab,"6,3,1,7,4,5",1,6,3,1,7,4,5,1
5e682756-1d98-4f15-9aa6-a75c3f302ae7,"5,1,3,6,4,7",1,5,1,3,6,4,7,5
8437d796-83c7-4b97-95bc-a89b98b19c56,"6,7,1,3,4,5",2,6,7,1,3,4,5,6
7d87141d-3edf-4901-b734-1847c0494c54,"6,7,1,3,5,4",1,6,7,1,3,5,4,1
c4322099-d8d6-43e9-a12c-9eb65caf3cf7,"6,1,7,5,3,4",1,6,1,7,5,3,4,6
d6369651-9232-4df5-8efb-0259d973a19a,"4,3,6,1,7,5",1,4,3,6,1,7,5,4
d008af15-7b05-4f06-8236-5d3c55fa6a18,"5,4,1,7,3,6",1,5,4,1,7,3,6,5
e1579d79-a5a6-4c99-90c8-c8171c49aa31,"1,5,6,4,3,7",2,1,5,6,4,3,7,1
e79018e0-fab2-49c7-8b4d-090fa436ad75,"4,3,1,6,7,5",2,4,3,1,6,7,5,4
bcd16f48-24cf-45ec-9e1a-b6de0b3c4dd4,"5,4,7,3,1,6",2,5,4,7,3,1,6,5
44a416d2-aa2d-4909-b594-586b55e7f426,"7,3,6,1,5,4",2,7,3,6,1,5,4,7
cd8fb941-a9cb-4a8b-9d0d-82bba3a4cf3e,"1,4,3,7,6,5",1,1,4,3,7,6,5,1
6bbb95ed-ede8-423f-97a1-0305b8a8c021,"4,3,6,1,7,5",2,4,3,6,1,7,5,4
7c89c071-355f-4482-a767-f15988dec1c4,"3,4,1,5,7,6",1,3,4,1,5,7,6,1
8bddc1d1-64f7-42d6-a7a5-b4a1888b2b9d,"6,4,3,7,1,5",1,6,4,3,7,1,5,5
d24aac0b-2a86-45ec-99a2-3b14ed13aaa7,"4,7,6,5,3,1",1,4,7,6,5,3,1,4
070e7499-0e8c-4c06-8ccf-eaef4a2a0f80,"1,6,3,4,7,5",1,1,6,3,4,7,5,1
92b6a231-f5eb-49eb-91ee-e491257c997c,"4,7,6,1,5,3",3,4,7,6,1,5,3,1
0ec37efb-f7f5-4cbb-88e1-21cb7d11b3a4,"7,4,5,1,6,3",1,7,4,5,1,6,3,7
1f778f16-4b0d-4054-b81b-0344f104660b,"4,5,3,6,1,7",1,4,5,3,6,1,7,5
51d815df-7929-4f9a-abcc-6b6010f9ebfc,"1,6,3,7,4,5",3,1,6,3,7,4,5,1
bdceede7-331a-4892-af19-2ad91fd7e2f6,"4,7,6,1,5,3",2,4,7,6,1,5,3,4
5cc9e68b-0921-4421-8d6f-55c39f8590a3,"4,6,3,1,7,5",1,4,6,3,1,7,5,4
bb4195f0-b56b-4899-985f-acf51c5d03d6,"4,6,7,5,1,3",1,4,6,7,5,1,3,5
7594702f-7374-4f0b-9edf-5d6fc75ae66e,"6,4,7,5,3,1",1,6,4,7,5,3,1,6
4d05da2c-93a3-4b1b-b5d1-359bb706bd32,"6,7,3,1,4,5",1,6,7,3,1,4,5,6
1bbc6996-a342-4c67-ab40-f0ae8a6bcc07,"6,3,5,7,1,4",1,6,3,5,7,1,4,5
b4060702-5f25-4cbd-b5ab-e25385a73fa9,"4,5,3,7,6,1",1,4,5,3,7,6,1,4
c500f9f5-049c-4374-8e18-22b68922bd81,"6,4,5,1,7,3",1,6,4,5,1,7,3,5
cb2c42ac-f66f-4185-b521-9eac7bee2bad,"4,6,7,5,1,3",3,4,6,7,5,1,3,4
5e856790-0faa-484d-8445-0d8387af5fe7,"6,4,7,3,5,1",3,6,4,7,3,5,1,6
3411480a-668b-47b3-8471-5c6cb7fc3a21,"6,4,7,3,1,5",3,6,4,7,3,1,5,6
cd62df17-d3dd-4ad2-9349-e5dfe2a1c6b1,"4,5,3,1,6,7",3,4,5,3,1,6,7,5
e797386e-ccc3-43e1-8bb4-fc31ebce1938,"3,4,7,6,5,1",3,3,4,7,6,5,1,3
99d7a98d-9258-4e06-a0dc-45ea8a3304a3,"3,1,5,4,7,6",1,3,1,5,4,7,6,3
724bc0a4-9430-455e-8238-77cb2c7fb75a,"7,6,3,4,5,1",1,7,6,3,4,5,1,7
316940b8-b9db-4bb7-9cef-6eb08e2838ea,"4,6,5,1,3,7",1,4,6,5,1,3,7,5
ebad1dcc-a2a9-412f-b064-08006d0bfa21,"7,3,6,4,5,1",1,7,3,6,4,5,1,7
094f2ad5-94f0-41a7-8da7-368d6a354390,"1,7,3,6,4,5",1,1,7,3,6,4,5,1
f603466f-a7c4-4489-9955-c17a633d5832,"3,6,4,7,1,5",1,3,6,4,7,1,5,1
df85641b-2a62-42f2-8ce3-41b602a1e032,"5,4,6,1,3,7",1,5,4,6,1,3,7,5
39490782-b194-4f59-8bf6-f7e45fca0865,"6,4,5,1,7,3",1,6,4,5,1,7,3,5
231eaff8-3256-45f5-956f-a74d15057ae0,"6,4,5,1,7,3",1,6,4,5,1,7,3,5
42bf4986-efc8-41e6-9c1f-c11fa75aacc8,"4,5,3,1,6,7",3,4,5,3,1,6,7,4
cce26b4f-db23-47ff-97f7-ee5f82247972,"6,4,5,1,7,3",2,6,4,5,1,7,3,6
188286e0-e393-41bb-a3b6-1f187e604eba,"4,6,5,1,3,7",1,4,6,5,1,3,7,5
6358813b-44e4-4fe1-84f2-e95284e4ce91,"6,4,5,1,7,3",1,6,4,5,1,7,3,5
e7938115-5d91-40c5-b2ea-a2b43c8f5a1b,"6,4,7,3,5,1",2,6,4,7,3,5,1,5
b2e7c371-fd5d-4547-85d6-9f0ebf5e0b12,"4,1,3,7,6,5",1,4,1,3,7,6,5,1
2a9cafab-1e50-4f48-9da3-fde0db5d9434,"6,7,3,1,5,4",1,6,7,3,1,5,4,1
8ee68250-c5f9-4673-ab43-6ebde979572e,"4,1,7,3,5,6",1,4,1,7,3,5,6,4
92d4829f-aa71-4370-9e1b-0d0c39e0aa0e,"1,7,3,6,4,5",3,1,7,3,6,4,5,1
e5b397d4-7a05-4706-996a-6379cbc7a2f3,"6,7,3,1,5,4",2,6,7,3,1,5,4,1
05d2895a-1778-409e-9d18-60f9c8f3718f,"1,3,7,5,6,4",3,1,3,7,5,6,4,1
51418041-46fc-43b0-b776-f0d165065711,"6,7,1,3,4,5",1,6,7,1,3,4,5,1
53c3f6bb-9e08-4c68-8a17-86121e1e0dda,"3,6,4,1,5,7",1,3,6,4,1,5,7,1
c2703876-6464-4daa-9b2e-b9098e06f2ea,"3,1,6,4,5,7",2,3,1,6,4,5,7,3
70ac42ad-1cdd-4206-ae78-fff6daea78f0,"6,4,7,3,1,5",1,6,4,7,3,1,5,6
c2a87458-5212-47ea-8d9d-6d40960e85bc,"7,6,3,4,1,5",1,7,6,3,4,1,5,7
595856fb-42b4-4012-9512-8f2706212333,"6,4,7,3,5,1",3,6,4,7,3,5,1,6
d1bbd753-2b2f-4876-b2a5-1f493d67bb36,"7,3,4,6,5,1",2,7,3,4,6,5,1,7
8e6cc639-4735-4b22-a03e-aa85f354d38d,"3,7,6,1,4,5",1,3,7,6,1,4,5,3
e00b10f5-3f60-48de-ac18-5b387137b8a8,"6,7,4,1,3,5",2,6,7,4,1,3,5,1
c990ad30-eeeb-43ba-9cb0-dbdcea05fbb3,"4,5,7,6,3,1",1,4,5,7,6,3,1,5
3de93fd7-c975-46d6-815b-36fba73f5372,"7,4,6,3,5,1",2,7,4,6,3,5,1,7
81efaed2-0fa4-4837-b661-1b04ce273713,"7,6,1,5,4,3",1,7,6,1,5,4,3,7
5aee679e-1683-4c0b-9e20-cb5e3bcea7f8,"3,6,4,7,1,5",1,3,6,4,7,1,5,5
78ec4a74-6c58-46c7-8123-a15dc5f148e0,"4,6,7,5,1,3",1,4,6,7,5,1,3,4
8c4c2eab-e4f8-485b-85b6-b4127e7c11ca,"4,3,6,5,7,1",1,4,3,6,5,7,1,4
73568913-a148-4629-a6ee-9c96c27a6023,"5,4,1,7,3,6",1,5,4,1,7,3,6,5
575ba4c9-7d3c-415f-8275-359ac4c69dec,"4,3,6,5,1,7",1,4,3,6,5,1,7,4
e51b15ec-b4a5-4101-8768-5090ff326cfa,"3,4,1,5,6,7",1,3,4,1,5,6,7,1
f3f38b46-952d-4cba-9841-b83f682e8374,"3,5,6,4,7,1",1,3,5,6,4,7,1,3
e0362d68-9b41-4dad-8d8d-f993facbd13d,"6,3,4,7,1,5",1,6,3,4,7,1,5,5
06373a73-a085-4da4-b6e0-7e3b205413ed,"6,3,4,1,5,7",1,6,3,4,1,5,7,1
baeaa7b6-39f6-49ad-942f-54593ecd3c67,"1,7,6,3,5,4",3,1,7,6,3,5,4,1
c19a1239-ef5b-44d6-9874-c30f3255706c,"5,4,7,3,1,6",1,5,4,7,3,1,6,5
4f61852c-535b-432b-bf02-87c61db622b4,"1,7,6,3,5,4",2,1,7,6,3,5,4,1
98e9cb9a-e420-4dfd-bd54-c92b0094c1fa,"6,4,1,7,5,3",1,6,4,1,7,5,3,1
44349f04-8d59-4f31-b58d-dd780cfae0cb,"4,3,6,5,1,7",1,4,3,6,5,1,7,4
6c6889b1-aef3-4dc0-a180-ee2cd4d90e4f,"7,4,1,3,6,5",1,7,4,1,3,6,5,7
aaf85346-76c3-41ad-8578-2c8d138f2532,"7,1,5,3,4,6",1,7,1,5,3,4,6,7
b4b26959-52a6-4088-9787-3b8dfea25bb9,"4,7,1,5,6,3",3,4,7,1,5,6,3,4
7017b151-42f5-4e09-ae9d-e5d6f9495e20,"6,7,1,3,4,5",1,6,7,1,3,4,5,6
12b3bd28-ab39-4363-9eb0-0076b85820bd,"4,6,7,1,5,3",3,4,6,7,1,5,3,4
0181e1f7-88b6-4f59-a670-340aeaa0fb78,"6,7,4,3,5,1",1,6,7,4,3,5,1,5
a1543982-7200-4a63-a231-61635cf6480b,"5,6,1,7,4,3",1,5,6,1,7,4,3,5
fe4583a7-7465-41db-94ec-f089b92e4ceb,"6,4,3,7,1,5",1,6,4,3,7,1,5,6
fb690d4b-6c80-434a-9a0e-756640cf180f,"4,7,3,6,1,5",3,4,7,3,6,1,5,5
396d3300-3f21-46a3-96ba-595ac706654a,"5,3,6,7,4,1",3,5,3,6,7,4,1,5
db64abaf-c3e6-457a-aec0-0e74927c8feb,"7,4,5,3,6,1",1,7,4,5,3,6,1,7
f3eff215-d4f7-4991-ba95-927cadd58148,"3,4,7,6,5,1",1,3,4,7,6,5,1,3
28186aaa-f09c-4a54-869a-736713145fe7,"5,3,7,4,6,1",1,5,3,7,4,6,1,5
d662c6d2-2e69-43eb-8495-22e0351bdf7b,"3,4,6,1,5,7",1,3,4,6,1,5,7,3
d6f1d7e6-914f-4956-b9bb-2f6fe17029c6,"6,3,7,1,5,4",1,6,3,7,1,5,4,6
9041d75d-dec6-46f2-98e1-07a1be773347,"3,6,7,1,5,4",1,3,6,7,1,5,4,3
94ea6164-fcfe-4b9f-a8d3-0e55229a47d9,"4,6,3,7,5,1",1,4,6,3,7,5,1,4
7e60dca2-8493-4bbf-8a0d-5dac9e9402c3,"5,6,4,1,3,7",1,5,6,4,1,3,7,5
df4ff641-e96d-4e4a-97fb-692fa58018c0,"7,6,1,3,4,5",1,7,6,1,3,4,5,7
88eb89be-86e8-4e0e-af50-e6ca1d049466,"6,4,5,7,1,3",3,6,4,5,7,1,3,6
2f7b8163-34c3-48ea-aa95-0b9b2a84c5c0,"5,1,4,6,3,7",1,5,1,4,6,3,7,5
c457f4ab-4c4c-469e-bba9-84feebe4afc6,"3,4,7,6,1,5",3,3,4,7,6,1,5,3
683209b1-6bca-4db4-bb43-f434bdab546e,"3,5,4,7,1,6",1,3,5,4,7,1,6,3
5b1f041f-6f3d-421b-8ca1-4ba2339fb583,"7,4,3,6,5,1",1,7,4,3,6,5,1,7
40955b2d-3a94-420c-96d5-aaf5578193d6,"6,3,1,5,4,7",1,6,3,1,5,4,7,6
e60f458f-e8e2-44fa-88ff-1dce74ef8823,"3,1,6,5,7,4",1,3,1,6,5,7,4,3
289518f1-9dc5-4246-981f-075c665ffdfb,"1,7,6,3,5,4",3,1,7,6,3,5,4,1
b6c87fc3-d687-4db9-bd18-54a01d4aae7b,"5,6,1,7,4,3",1,5,6,1,7,4,3,5
c5cd4552-fb8f-45b3-9d59-d14e7757af9f,"6,3,1,4,5,7",1,6,3,1,4,5,7,1
4dcca5d6-d4fd-461a-9c9b-4f18ba731d69,"6,3,7,4,1,5",3,6,3,7,4,1,5,6
4a6df139-a263-4b65-94c3-9fa3ce2e0f4c,"6,4,5,3,1,7",1,6,4,5,3,1,7,6
d24c3607-2891-46d4-8c48-776a7b049798,"6,1,4,3,7,5",1,6,1,4,3,7,5,1
23ff0f90-ace4-4be7-bbff-464d08e242b6,"6,7,4,3,5,1",1,6,7,4,3,5,1,7
e84a6e7b-807d-42d9-a875-85cfe6acb1ac,"3,7,4,5,6,1",2,3,7,4,5,6,1,3
34e75779-be94-4314-89ec-ffa9f5f9c53b,"6,3,5,7,1,4",1,6,3,5,7,1,4,6
d3386941-1469-4cb3-80fe-841e570dc9c1,"4,7,6,3,5,1",1,4,7,6,3,5,1,5
a9069ca0-c6e5-43b1-afb3-f04a4ec1ad57,"1,6,7,3,4,5",1,1,6,7,3,4,5,1
985a7a87-9eb8-45a7-90c3-52ea9e2d6839,"1,3,7,4,6,5",1,1,3,7,4,6,5,1
95e2818f-d12d-43c1-b19b-fe52b92c6d94,"6,7,3,1,4,5",3,6,7,3,1,4,5,7
10884c79-3850-4735-b11d-49c807860360,"4,3,5,6,7,1",1,4,3,5,6,7,1,5
cce51d26-87b6-47db-981c-fdd6b68bfe9b,"6,7,4,3,1,5",1,6,7,4,3,1,5,5
13f60b42-2bee-4f32-9b78-8a73e5ac5353,"3,5,6,7,4,1",1,3,5,6,7,4,1,3
da9cb16e-456a-485e-8314-d7ede92d0232,"3,6,4,5,1,7",1,3,6,4,5,1,7,3
45cbd60e-4fd5-4832-94d3-bbd2474d4e76,"7,3,1,6,4,5",1,7,3,1,6,4,5,7
1e5baebf-20e9-4bdd-8193-5806dbd35d53,"3,4,5,1,7,6",1,3,4,5,1,7,6,5
288c9306-4400-47b6-a726-1cc09fc5afa0,"7,1,5,6,4,3",1,7,1,5,6,4,3,7
228a5b7a-d6e9-4768-8765-16670159037a,"5,6,3,1,7,4",1,5,6,3,1,7,4,5
b7c00609-06c3-4f5c-98e9-221c67096421,"7,1,5,3,4,6",1,7,1,5,3,4,6,7
6e44e690-8935-4a45-b20b-6034a4d1bd96,"7,6,3,1,5,4",1,7,6,3,1,5,4,7
82a5578a-c6c0-4900-ab71-c5c2ccf07059,"5,3,4,1,6,7",1,5,3,4,1,6,7,5
903a25fd-7a6f-4476-9447-75fc3da46159,"4,3,1,5,6,7",1,4,3,1,5,6,7,4
b33b1748-24b5-44bc-a1ff-c41a1ec5ae39,"6,4,7,5,3,1",1,6,4,7,5,3,1,6
73af7c70-d9b4-4d87-9340-3b82cf0c0036,"6,4,5,3,7,1",2,6,4,5,3,7,1,5
2aca9a73-b2ae-49f5-a053-e01e7d9c7048,"3,6,5,4,1,7",1,3,6,5,4,1,7,3
37a97aa6-e007-4cf5-b6d9-6d1201f199f8,"6,5,7,3,1,4",1,6,5,7,3,1,4,5
1a215e02-f28b-4019-825b-a722d49a4cf4,"3,6,4,7,1,5",1,3,6,4,7,1,5,3
a8295f4f-fad5-47bb-949e-9b153ee2a9e5,"1,3,5,6,4,7",1,1,3,5,6,4,7,1
f5dae8dc-d2c0-4bf0-a42a-566c13bd8210,"6,1,3,7,4,5",2,6,1,3,7,4,5,6
feb92952-bae6-43d7-ac25-c9e1e248833e,"3,6,4,5,1,7",3,3,6,4,5,1,7,5
32473861-e193-4c6d-8b9d-60007aa805c9,"6,4,5,1,7,3",2,6,4,5,1,7,3,5
5157383d-3777-4d4d-bd26-adcbe5ee173e,"6,1,7,4,3,5",2,6,1,7,4,3,5,6
092bdb02-00b4-4b45-b3a3-ce820942e5b0,"1,4,3,5,6,7",1,1,4,3,5,6,7,1
a891a753-3b77-45cf-94a9-cabcaa3997dc,"4,6,3,5,1,7",3,4,6,3,5,1,7,4
cf6f40ad-d87c-4ad9-b446-ff705f8660cf,"6,7,4,1,5,3",1,6,7,4,1,5,3,1
20332cb9-c9d0-47e8-b9b2-43341b24f85d,"7,5,6,1,3,4",1,7,5,6,1,3,4,7
04c3bbbe-4e98-439e-982b-05c4c9c8eb3f,"7,6,3,1,5,4",1,7,6,3,1,5,4,7
de7783b9-9a6e-430c-9f80-7e8e51137365,"7,6,1,4,3,5",1,7,6,1,4,3,5,7
5b53739d-1471-420e-867f-ab0ad4b8840a,"1,4,6,7,5,3",1,1,4,6,7,5,3,1
ebe83d54-ffa3-4912-afd1-34130a94544a,"6,4,3,1,5,7",1,6,4,3,1,5,7,6
e89e82df-ac04-43af-a494-03b1b6f9a12c,"4,3,6,1,5,7",3,4,3,6,1,5,7,1
450543ff-23da-4a05-aa25-482c0050c9d7,"6,3,4,5,7,1",1,6,3,4,5,7,1,6
ec5d9bed-4174-443c-96e8-2dc0b78aad16,"4,5,3,1,6,7",3,4,5,3,1,6,7,5
76be1337-9aba-48b0-8e67-f1a68a51d007,"4,6,5,3,7,1",1,4,6,5,3,7,1,4
90cb447b-4166-4d0f-bb1d-ce92e3eded4d,"3,4,1,6,5,7",2,3,4,1,6,5,7,3
87ca5d94-40ec-46f6-aa93-1223eec13e46,"4,6,7,5,3,1",2,4,6,7,5,3,1,5
571ba3e1-87ca-46ed-9c86-39cc319133de,"3,5,6,4,1,7",2,3,5,6,4,1,7,3
8ae5ca72-5f3b-45fd-96f0-8427b791ab94,"5,6,7,4,1,3",2,5,6,7,4,1,3,5
4fe5cd8f-9577-4bee-beea-dfee1b6a42a5,"4,5,3,1,7,6",1,4,5,3,1,7,6,4
8aa858ed-656c-4a70-ab62-9702444989e2,"3,1,5,7,4,6",1,3,1,5,7,4,6,3
e4bd974e-d351-45a5-9b18-8de3f7f94bb6,"7,4,5,6,1,3",1,7,4,5,6,1,3,7
e0c4195f-558c-43d7-9b74-888c4041663d,"3,4,6,1,5,7",1,3,4,6,1,5,7,3
9a7498f6-699e-48f6-b60a-cb210a164542,"4,3,1,6,7,5",1,4,3,1,6,7,5,4
07e697d4-1943-4ea7-a802-4ba535178ff3,"3,4,6,7,1,5",1,3,4,6,7,1,5,3
6ac927f5-14c3-4d42-901c-b5b7dcb549b2,"3,4,6,1,7,5",1,3,4,6,1,7,5,3
93573253-7127-4248-83c2-1f55d1c3ad61,"7,1,4,3,6,5",1,7,1,4,3,6,5,7
bb92c184-4c42-459e-96f5-74b3f10ac149,"7,6,1,5,3,4",3,7,6,1,5,3,4,7
8974ce68-7e4e-455c-bc72-dcf3b6d8dffe,"6,4,5,7,3,1",2,6,4,5,7,3,1,5
eae11bbf-94bc-4634-bb48-8efce69fe161,"4,5,7,6,3,1",1,4,5,7,6,3,1,5
c585118e-bf31-4960-baed-4d2bbce111f3,"6,7,4,1,3,5",3,6,7,4,1,3,5,6
e867e84d-84cd-4a81-8c00-5ae429e93520,"6,3,1,5,7,4",1,6,3,1,5,7,4,6
b706d33f-c6a0-48c8-b38d-75f31da6286e,"5,1,4,6,7,3",1,5,1,4,6,7,3,5
972d8fb1-14a1-4bf9-969c-d586e38fb17c,"7,6,3,1,5,4",1,7,6,3,1,5,4,7
974586d0-7f0d-4eb1-ba1b-469ef607d068,"3,4,6,1,5,7",1,3,4,6,1,5,7,3
f5227649-2aa7-4181-bdca-82ff1e962a89,"6,4,7,1,5,3",2,6,4,7,1,5,3,1
7990ed7f-caa2-49f1-aced-fa13016f66ff,"4,7,5,6,3,1",1,4,7,5,6,3,1,4
d051ab17-f1b4-45cc-b798-756ec539780c,"6,4,1,5,7,3",3,6,4,1,5,7,3,6
08c7ace3-4eac-4e00-934e-6cd56b93cc9b,"3,1,4,5,6,7",1,3,1,4,5,6,7,3
3c176c6d-f313-4d26-8ab0-c9646ec39991,"7,4,1,3,6,5",1,7,4,1,3,6,5,7
6a068b1d-c3c0-4215-b6a6-d951e0cf434c,"6,4,3,7,5,1",1,6,4,3,7,5,1,6
cedb97fe-668c-4bd3-98a0-7f39e60c5821,"3,5,1,6,4,7",1,3,5,1,6,4,7,3
5ace2e30-94fa-476a-a346-4302a75f72ad,"5,4,6,3,1,7",2,5,4,6,3,1,7,5
25e54e92-2068-4e58-b1bf-3d163275c26c,"4,6,7,1,5,3",1,4,6,7,1,5,3,4
68ecc204-3f66-4148-ada7-3f96bf48770d,"4,7,6,1,3,5",1,4,7,6,1,3,5,4
2b6a33ef-beac-427c-9fb6-61626efc325f,"4,1,5,6,3,7",1,4,1,5,6,3,7,4
0bbab9a5-39a4-4a54-97d5-828f930dfe4f,"7,5,6,4,1,3",1,7,5,6,4,1,3,7
94e13198-a29b-483d-9944-c0515b43e115,"3,7,5,1,4,6",1,3,7,5,1,4,6,5
a7da6a30-8ab1-49af-9e06-e33b207f2093,"4,1,3,6,5,7",1,4,1,3,6,5,7,4
f2a2f154-d331-4a96-9d5a-1fb9fdd5dfe9,"5,7,1,3,4,6",1,5,7,1,3,4,6,5
e023a923-c765-4658-b458-aa08192e785f,"4,7,6,3,5,1",1,4,7,6,3,5,1,4
8e31d0e5-46b2-48d3-925a-d0ec35dbe67f,"4,3,7,1,5,6",1,4,3,7,1,5,6,4
60548c20-2fe5-4d89-aee4-5fbc12802bd5,"6,7,1,4,3,5",1,6,7,1,4,3,5,1
444d0cc0-f36f-48f6-acd7-0febddab47c3,"7,6,4,3,5,1",2,7,6,4,3,5,1,7
d08965a0-ca52-4e4d-8711-cbaec9d5d65e,"7,3,6,4,5,1",3,7,3,6,4,5,1,7
bd219e73-8d0f-4ed2-bbe7-dd3f2c2d440f,"3,4,1,6,7,5",1,3,4,1,6,7,5,3
e3ecb448-8fee-498d-9b65-00767d50832f,"4,3,7,6,5,1",2,4,3,7,6,5,1,4
0b713197-9e1e-44d6-86db-fb7141ac7e0b,"4,6,3,5,1,7",1,4,6,3,5,1,7,4
b64278ad-11dd-46c7-ae38-0b211b57fbeb,"7,6,5,4,3,1",3,7,6,5,4,3,1,7
6e60a51e-5fd7-4233-9053-56c7e771c5bc,"4,5,7,3,6,1",1,4,5,7,3,6,1,4
b937d1a5-6aea-40b2-a226-11f3e866a68d,"3,7,4,6,1,5",1,3,7,4,6,1,5,3
959f881a-310f-4e23-b715-1cef16e97869,"3,4,1,5,7,6",1,3,4,1,5,7,6,3
b7edde69-726b-4e09-a6c3-9d9b95fd9b4a,"6,5,7,1,3,4",1,6,5,7,1,3,4,5
77b3a72b-fd79-4d5b-9537-2ad7df143cbd,"4,6,3,1,7,5",1,4,6,3,1,7,5,4
1abaf1d3-b2df-46eb-8ed2-652e98151862,"4,1,6,3,7,5",1,4,1,6,3,7,5,4
a110e189-88aa-44ce-866e-3e87b9b1e61c,"4,3,5,6,1,7",1,4,3,5,6,1,7,4
